<?xml version="1.0" encoding="UTF-8"?>
<metadata xml:lang="en"><Esri><CreaDate>20240322</CreaDate><CreaTime>02593500</CreaTime><ArcGISFormat>1.0</ArcGISFormat><SyncOnce>TRUE</SyncOnce></Esri><dataIdInfo><idCitation><resTitle>Intensification_Areas</resTitle></idCitation><idAbs>Polygon features that represent intensification areas as per PlanSJ.Données polygonales représentant les limites des zones d’intensification, selon PlanSJ.</idAbs><idCredit>The City of Saint John</idCredit></dataIdInfo></metadata>
